filename,frames,earlier_format,same_name_in_hd,additional_sequence,exact_aliases,pixel_exact_reencode
45Tigers_Moose.fm8,61,False,True,False,,True
45Tigers_Moose_D.fm8,16,False,True,False,,True
45Tigers_Moose_L.fm8,61,False,True,False,,True
45Tigers_Plt.fm8,61,False,True,False,,True
45Tigers_Plt_D.fm8,15,False,True,False,,True
45Tigers_Plt_L.fm8,61,False,True,False,,True
45TigersWL_Bandit.fm8,61,False,True,False,,True
45TigersWL_Bandit_d.fm8,16,False,True,False,45TigersWL_Diceman_D.fm8,True
45TigersWL_Bandit_L.fm8,61,False,True,False,,True
45TigersWL_Diceman.fm8,61,False,True,False,,True
45TigersWL_Diceman_D.fm8,16,False,True,False,45TigersWL_Bandit_d.fm8,True
45TigersWL_Diceman_L.fm8,61,False,True,False,,True
45Volntrs_Moose.fm8,61,False,True,False,,True
45Volntrs_Moose_d.fm8,16,False,True,False,,True
45Volntrs_Moose_L.fm8,61,False,True,False,,True
45Volntrs_Plt.fm8,61,False,True,False,,True
45Volntrs_Plt_d.fm8,16,False,True,False,,True
45Volntrs_Plt_L.fm8,61,False,True,False,,True
45VolntrWL_Bandit.fm8,61,False,True,False,,True
45VolntrWL_Bandit_d.fm8,16,False,True,False,,True
45VolntrWL_Bandit_L.fm8,61,False,True,False,,True
45VolntrWL_Viper.fm8,61,False,True,False,,True
45VolntrWL_Viper_D.fm8,16,False,True,False,,True
45VolntrWL_Viper_L.fm8,61,False,True,False,,True
51st_Plt.fm8,61,False,True,False,,True
51st_Plt_d.fm8,16,False,True,False,,True
51stWL_Plt.fm8,61,True,True,False,,True
51stWL_Plt_d.fm8,16,True,True,False,,True
baxbc.fm8,51,False,True,False,,True
BGUARDD.FM8,11,False,False,False,BlckGrd_Plt_D.fm8,True
BGUARDP.FM8,61,False,False,True,BLACKGUA.FM8,True
BLACKGUA.FM8,61,False,False,True,BGUARDP.FM8,True
Blacksun_Plt.fm8,46,False,True,False,,True
Blacksun_Plt_D.fm8,16,False,True,False,,True
BlacksunWL_Plt.fm8,81,False,True,False,,True
BlacksunWL_Plt_D.fm8,16,False,True,False,,True
Blades_Plt.fm8,61,False,True,False,,True
Blades_Plt_d.fm8,16,False,True,False,,True
Blades_Plt_L.fm8,61,False,True,False,,True
BlckEgle_Plt.fm8,61,False,True,False,,True
BlckEgle_Plt_D.fm8,16,False,True,False,,True
BlckEgleWL_Plt.fm8,61,False,True,False,,True
BlckEgleWL_Plt_D.fm8,16,False,True,False,,True
BlckGrd_Plt_D.fm8,11,False,True,False,BGUARDD.FM8,True
BlckGrdIP_Plt.fm8,61,False,True,False,,True
BlckGrdIP_Plt_D.fm8,16,False,True,False,,True
BlckGrdNP_Plt.fm8,61,False,True,False,,True
BlckGrdNP_Plt_D.fm8,16,False,True,False,,True
BlkAces_Plt_d.fm8,16,False,True,False,,True
Bremen_Brdge_Off.fm8,51,False,True,False,,True
Bremen_Brdge_Off_D.fm8,16,False,True,False,,True
BUCC.FM8,61,False,False,False,test.fm8,True
BUCCDETH.FM8,16,False,False,True,,True
BuccnrsWL_Plt.fm8,61,True,True,False,,True
C_comms_off1.fm8,61,False,True,False,,True
C_comms_off1_death.fm8,16,False,True,False,,True
C_Fhtr_01.fm8,61,False,True,False,,True
C_Fhtr_01_D.fm8,31,False,True,False,,True
C_Kurgen_Plt_D.fm8,16,False,True,False,,True
C_TorpWL_Plt.fm8,61,False,True,False,RUSSBOMB.FM8,True
C_TorpWL_Plt_D.fm8,26,False,True,False,,True
Capt_Mukai.fm8,61,False,True,False,,True
Capt_Mukai_D.fm8,16,False,True,False,,True
CARGOD.FM8,16,False,False,False,Lonestar_Plt_D.fm8,True
CARGOL.FM8,61,False,False,False,Lonestar_Plt_L.fm8,True
CARGOP.FM8,61,False,False,False,Lonestar_Plt.fm8,True
Cat_Foster.fm8,61,False,True,False,,True
Cat_foster_prwlr.fm8,61,False,True,False,,True
CCouger_Plt_D.fm8,16,False,True,False,,True
COB.FM8,61,False,False,True,,True
Cobra_Plt_D.fm8,16,False,True,False,,True
COMMSOFF.FM8,51,False,False,True,,True
CONDL.FM8,61,False,False,True,,True
CONDP.FM8,61,False,False,False,Stork_Plt.fm8,True
CONDWL.FM8,61,False,False,True,,True
CONDWLL.FM8,61,False,False,True,,True
Couger_Plt.fm8,61,False,True,False,,True
Couger_Plt_L.fm8,61,False,True,False,,True
CougerWL_Plt.fm8,61,True,True,False,,True
CougerWL_Plt_d.fm8,16,True,True,False,,True
Endevr_Brdge_Off.fm8,61,False,True,False,,True
Enq_RelBridge.fm8,46,False,True,False,,True
Enq_RelBridge_D.fm8,16,False,True,False,,True
Enq_YamBridge.fm8,46,False,True,False,enriquez.fm8,True
enriquez.fm8,46,False,True,False,Enq_YamBridge.fm8,True
Enriquez_Cockpit.fm8,61,False,True,False,,True
Enriquez_Cockpit_D.fm8,19,False,True,False,,True
Enriquez_Cockpit_L.fm8,61,False,True,False,,True
FOSTDED.FM8,16,False,False,True,,True
FrtBear_Comms.fm8,46,False,True,False,,True
FrtBear_Comms_D.fm8,15,False,True,False,,True
FrtBxtr_Comms.fm8,51,False,True,False,,True
FrtBxtr_Comms_D.fm8,16,False,True,False,frtcrtr_comms_death.fm8; SaracenWL_Plt_D.fm8,True
frtcrtr_comms.fm8,51,False,True,False,,True
frtcrtr_comms_death.fm8,16,False,True,False,FrtBxtr_Comms_D.fm8; SaracenWL_Plt_D.fm8,True
frtshrmn_comms.fm8,51,False,True,False,,True
Gamma_Ldr.fm8,61,False,True,False,GAMMAP.FM8,True
Gamma_Ldr_L.fm8,61,False,True,False,,True
GAMMADEA.FM8,11,False,False,True,,True
GAMMAP.FM8,61,False,False,False,Gamma_Ldr.fm8,True
Gen_Reese_Pod.fm8,31,False,True,False,,True
Gen_Reese_Pod_D.fm8,16,False,True,False,,True
general.fm8,28,False,True,False,,True
GoldWarr_Plt.fm8,61,False,True,False,,True
GoldWarr_Plt_D.fm8,15,False,True,False,,True
goldwarrWL_plt.fm8,61,False,True,False,,True
goldwarrWL_plt_d.fm8,16,False,True,False,,True
Hellcat_Plt.fm8,61,False,True,False,,True
Hellcat_Plt_d.fm8,11,False,True,False,,True
HellcatWL.fm8,61,False,True,False,,True
HellcatWL_d.fm8,16,False,True,False,,True
hellcatwl_l.fm8,61,False,True,False,,True
Hornet_Plt.fm8,60,False,True,False,,True
Hornet_Plt_D.fm8,16,False,True,False,,True
hornetwl_plt.fm8,61,False,True,False,,True
hornetwl_plt_d.fm8,16,False,True,False,,True
hornetwl_plt_l.fm8,61,False,True,False,,True
Jackel_Plt.fm8,61,False,True,False,,True
Jackel_Plt_D.fm8,16,False,True,False,JackelWL_Plt_d.fm8,True
JAckelWL_Plt.fm8,61,False,True,False,,True
JackelWL_Plt_d.fm8,16,False,True,False,Jackel_Plt_D.fm8,True
JackelWL_Plt_L.fm8,61,False,True,False,,True
Jaguar_Plt.fm8,61,False,True,False,,True
Jaguar_Plt_D.fm8,16,False,True,False,JaguarWL_Plt_D.fm8,True
JaguarWL_Plt.fm8,61,False,True,False,,True
JaguarWL_Plt_D.fm8,16,False,True,False,Jaguar_Plt_D.fm8,True
KestrlCmmnd_Comms.fm8,51,False,True,False,,True
KestrlCmmnd_Comms_D.fm8,16,False,True,False,,True
Koenig_Brdge_off.fm8,51,False,True,False,,True
Kstrl_Brge_Off.fm8,51,False,True,False,,True
Kulov_Borodin.fm8,61,False,True,False,,True
Kulov_Borodin_D.fm8,16,False,True,False,,True
Kulov_Pod.fm8,61,False,True,False,,True
Kulov_Pod_D.fm8,16,False,True,False,,True
kurgen_pil.fm8,61,False,True,False,,True
Lonestar_Plt.fm8,61,False,True,False,CARGOP.FM8,True
Lonestar_Plt_D.fm8,16,False,True,False,CARGOD.FM8,True
Lonestar_Plt_L.fm8,61,False,True,False,CARGOL.FM8,True
Mammoth_Plt_01.fm8,51,False,True,False,,True
Mammoth_Plt_01_D.fm8,16,False,True,False,Mammoth_Plt_02_D.fm8,True
Mammoth_Plt_02.fm8,60,False,True,False,,True
Mammoth_Plt_02_D.fm8,16,False,True,False,Mammoth_Plt_01_D.fm8,True
Mammoth_Plt_03.fm8,51,False,True,False,,True
Mammoth_Plt_03_d.fm8,16,False,True,False,Mammoth_Plt_04_D.fm8,True
Mammoth_Plt_04.fm8,61,False,True,False,,True
Mammoth_Plt_04_D.fm8,16,False,True,False,Mammoth_Plt_03_d.fm8,True
mammoth_plt_05.fm8,51,False,True,False,,True
mammoth_plt_05_d.fm8,16,False,True,False,,True
mammoth_plt_06.fm8,51,False,True,False,,True
mammoth_plt_06_d.fm8,16,False,True,False,,True
mammoth_plt_07.fm8,51,False,True,False,,True
mammoth_plt_07_d.fm8,16,False,True,False,,True
Marauders_Plt.fm8,61,False,True,False,,True
Marauders_Plt_D.fm8,16,False,True,False,,True
MarauderWL_Plt.fm8,61,False,True,False,,True
MarauderWL_Plt_D.fm8,16,False,True,False,,True
Marine_Combat.fm8,51,False,True,False,,True
Marine_Leader.fm8,51,False,True,False,,True
Mauler_Plt.fm8,61,False,True,False,,True
Mauler_Plt_D.fm8,16,False,True,False,,True
maulerwl_plt.fm8,61,False,True,False,,True
maulerwl_plt_d.fm8,16,False,True,False,,True
maulerwl_plt_l.fm8,61,False,True,False,,True
MCGALOOK.FM8,61,False,False,True,,True
MCGANNNO.FM8,61,False,False,True,,True
MCGDEATH.FM8,16,False,False,True,,True
Mitchel_Brdge_Off.fm8,51,False,True,False,,True
Mtchel_Brdge_Off_D.fm8,32,False,True,False,,True
Nanny_Ldr.fm8,61,False,True,False,nannyp.fm8,True
Nanny_Ldr_D.fm8,20,False,True,False,NANNYD.FM8,True
Nanny_Ldr_L.fm8,61,False,True,False,NANNYL.FM8,True
NANNYD.FM8,20,False,False,False,Nanny_Ldr_D.fm8,True
NANNYL.FM8,61,False,False,False,Nanny_Ldr_L.fm8,True
nannyp.fm8,61,False,True,False,Nanny_Ldr.fm8,True
Pirate_Plt.fm8,61,False,True,False,,True
Pirate_Plt_D.fm8,11,False,True,False,PirateWL_Plt_D.fm8,True
PirateWL_Plt.fm8,61,False,True,False,,True
PirateWL_Plt_D.fm8,11,False,True,False,Pirate_Plt_D.fm8,True
PirateWL_Plt_L.fm8,61,False,True,False,,True
PROWLD.FM8,11,False,False,False,Prowler_Plt_D.fm8,True
Prowler_Plt.fm8,61,False,True,False,PROWLP.FM8,True
Prowler_Plt_D.fm8,11,False,True,False,PROWLD.FM8,True
PROWLP.FM8,61,False,False,False,Prowler_Plt.fm8,True
Pukov_Cap.fm8,51,False,True,False,,True
Pukov_Cap_D.fm8,16,False,True,False,,True
Puma_Plt.fm8,61,False,True,False,,True
Puma_Plt_D.fm8,11,False,True,False,,True
PUMAG.FM8,61,False,False,True,,True
PUMATANG.FM8,61,False,False,True,,True
PUMATANL.FM8,61,False,False,True,,True
PumaWL_Plt.fm8,61,False,True,False,,True
PumaWL_Plt_D.fm8,16,False,True,False,,True
PumaWL_Plt_L.fm8,61,False,True,False,,True
Raven_Plt.fm8,61,False,True,False,,True
Raven_Plt_D.fm8,16,False,True,False,RavenWL_Plt_D.fm8,True
RavenWL_Plt.fm8,61,False,True,False,,True
RavenWL_Plt_D.fm8,16,False,True,False,Raven_Plt_D.fm8,True
Rel_Brdge_Off.fm8,51,False,True,False,,True
Rel_Brdge_Off_D.fm8,16,False,True,False,,True
Ripper_Plt.fm8,61,False,True,False,,True
Ripper_Plt_D.fm8,11,False,True,False,,True
Ronin_Plt.fm8,61,False,True,False,,True
Ronin_Plt_D.fm8,16,False,True,False,,True
RoninWL_Plt.fm8,61,False,True,False,,True
RoninWL_Plt_D.fm8,16,False,True,False,,True
RoninWL_Plt_L.fm8,61,False,True,False,,True
russbom.fm8,61,False,True,False,,True
RUSSBOMB.FM8,61,False,False,False,C_TorpWL_Plt.fm8,True
russbomd.fm8,13,False,True,False,,True
russd.fm8,31,False,True,False,,True
russp.fm8,61,False,True,False,,True
Sabre_Plt.fm8,61,False,True,False,,True
Sabre_Plt_D.fm8,16,False,True,False,,True
SabreWL_plt_.fm8,61,False,True,False,,True
SabreWL_Plt_D.fm8,16,False,True,False,,True
Saracen_Plt.fm8,46,False,True,False,,True
Saracen_Plt_D.fm8,27,False,True,False,,True
SaracenWL_Plt.fm8,81,False,True,False,,True
SaracenWL_Plt_D.fm8,16,False,True,False,FrtBxtr_Comms_D.fm8; frtcrtr_comms_death.fm8,True
Scorpion_Plt.fm8,46,False,True,False,,True
Scorpion_Plt_D.fm8,16,False,True,False,,True
ScorpionWL_Plt.fm8,61,False,True,False,,True
ScorpionWL_Plt_D.fm8,16,False,True,False,,True
sladin_cap_normal.fm8,51,False,True,False,,True
Stahl_BrdShip.fm8,61,False,True,False,,True
Stahl_Marines.fm8,61,False,True,False,,True
Stahl_RippShip.fm8,61,False,True,False,,True
Stahl_RippShip_D.fm8,16,False,True,False,,True
Stahl_RippShip_L.fm8,61,False,True,False,,True
static.fm8,101,False,True,False,,True
STEINP.FM8,61,False,False,True,,True
Stiener_Ejected.fm8,61,False,True,False,,True
Stiener_Ejected_D.fm8,16,False,True,False,,True
Stinger_Plt.fm8,61,False,True,False,,True
Stinger_Plt_D.fm8,16,False,True,False,,True
StingerWL_Plt_D.fm8,16,True,True,False,,True
StingerWL_Plt_L.fm8,61,True,True,False,,True
STINGWL.FM8,61,True,False,True,,True
Stork_Plt.fm8,61,False,True,False,CONDP.FM8,True
Stork_Plt_D.fm8,11,False,True,False,,True
test.fm8,61,True,True,False,BUCC.FM8,True
Ullys_Capt.fm8,41,False,True,False,ulycap.fm8,True
Ullys_Capt_Panic.fm8,26,False,True,False,ULYCAPD.FM8,True
ulycap.fm8,41,False,True,False,Ullys_Capt.fm8,True
ULYCAPD.FM8,26,False,False,False,Ullys_Capt_Panic.fm8,True
Vampire_Plt.fm8,61,False,True,False,,True
Vampire_Plt_D.fm8,16,False,True,False,,True
VampireWL_Stiener.fm8,61,False,True,False,,True
VampireWL_Stiener_D.fm8,16,False,True,False,,True
VampireWL_Stiener_L.fm8,61,False,True,False,,True
Victorious_Brdge_Off.fm8,51,False,True,False,,True
Victorious_Brdge_Off_D.fm8,16,True,True,False,,True
VirtFlt_Ins.fm8,81,False,True,False,VIRTUAL.FM8,True
VIRTUAL.FM8,81,False,False,False,VirtFlt_Ins.fm8,True
Washngtn_Brdge_Off.fm8,51,False,True,False,,True
Yam_Brdge_Off.fm8,66,False,True,False,,True
Yam_Brdge_Off_D.fm8,16,False,True,False,,True
